{
  "configVersion": 1,
  "timestamp": 1631266967314,
  "index": "/index.html",
  "assetGroups": [
    {
      "name": "app",
      "installMode": "prefetch",
      "updateMode": "prefetch",
      "cacheQueryOptions": {
        "ignoreVary": true
      },
      "urls": [
        "/1296.08ee59faa44dc1109a31.js",
        "/1374.f10c1a7ec7061284300f.js",
        "/1489.f87b9dc98075ccd4e073.js",
        "/1602.d9e39ab7c924afbf61c4.js",
        "/1692.c3449179a0b929153666.js",
        "/1709.d1497893b2dec7b09667.js",
        "/1855.5799de3986cab46186a5.js",
        "/2191.7c1c97f2f98881bcacd7.js",
        "/305.d4ef1541129300c01291.js",
        "/3087.441929ee98f106e8a5c2.js",
        "/3122.a56c4a085609567a1855.js",
        "/3527.879be5b8a77accdac382.js",
        "/392.5b812a3137fa2ab1fbcc.js",
        "/4195.4dafe7659dc1c564cf7f.js",
        "/431.1fc27ccbb3788f7d0792.js",
        "/4513.e65d46f69e7479b6f201.js",
        "/4694.75cc3baca348795cae2e.js",
        "/4702.fd210691c3a49e86248e.js",
        "/5043.c32ebe9c45953a1a7db1.js",
        "/5174.37cd8797a2a224ae4504.js",
        "/5277.86881ca69a6d6771cbb5.js",
        "/5296.c5f7f33715f3023a3c79.js",
        "/5830.4116935fb816bcf72fe7.js",
        "/592.b78fe942708da484bdba.js",
        "/595.cb04123390dd45597333.js",
        "/6034.b90cf63f72d2ddc729e5.js",
        "/6069.0a718a88f744fd34fc34.js",
        "/6108.725a7645d6066e7425d4.js",
        "/6164.1d98de649c8744542dea.js",
        "/6272.6ba40ce024a792a2d24d.js",
        "/6911.961f50bbe0a1fc8595ff.js",
        "/7089.06448a9faea782d47323.js",
        "/7110.796b5ab7a35cd6f2a6a8.js",
        "/7162.4b049646477cd8557e92.js",
        "/7321.04aedcb2b3053bcb86b7.js",
        "/7373.30afe21101fa4b0d7f58.js",
        "/7484.c6563858ae442f0fcb82.js",
        "/7509.1337efc28d53622354d7.js",
        "/7757.050fa66fc7bdc8d455f8.js",
        "/7802.22a6b621d348dcc69618.js",
        "/7895.8be78f40d199a6648e93.js",
        "/7896.a7f245d7d62fc071cfd5.js",
        "/801.f25025fbef90ed10e350.js",
        "/8056.b90caf7a4e0c45465edf.js",
        "/820.b44aa9172a611e42858c.js",
        "/862.6e8bcac161d327e58b6a.js",
        "/8669.d5dfa4d8bd5792c8c3b0.js",
        "/8695.9bc45642e749ac32a97d.js",
        "/8708.f4f44ffcefa8e391f8e7.js",
        "/8810.4cf675e20719190df34b.js",
        "/8837.737a748e1c7a111d448f.js",
        "/8924.d7a3defb89c4106a31d3.js",
        "/8940.5909231bbdd44acfae5d.js",
        "/8991.4dec54035f69032590a0.js",
        "/9072.a30456585f134bb5c64b.js",
        "/9222.80fc5211fdb1b17f63ce.js",
        "/9289.3dc0e3f363a4d5aed43b.js",
        "/9360.e2a9c8265cfe2e8619bd.js",
        "/937.ac589b400ee006be033a.js",
        "/9661.191bed0b6bd5a508005e.js",
        "/968.6cd3d0ebed361b4d8bb0.js",
        "/9695.2acaf2aff3471adb0bd3.js",
        "/9706.c7063f51a71bc13bed01.js",
        "/9921.d2e50d13f0fca900a1ce.js",
        "/common.1b75bd3d8ebe89a9de20.js",
        "/index.html",
        "/main.3f5d275065bce104236c.js",
        "/manifest.webmanifest",
        "/polyfills-core-js.f97acc8fcb3863e2bc52.js",
        "/polyfills-css-shim.644894d6eb34a7ba042d.js",
        "/polyfills-dom.c7db9ca711880bb784aa.js",
        "/polyfills.b7d3c49635b31a665958.js",
        "/runtime.a1d020afdbe1f76caa48.js",
        "/scripts.15dc7c6e2e7ff57d4864.js",
        "/styles.7e6a89096331ad3c2c8f.css"
      ],
      "patterns": []
    },
    {
      "name": "assets",
      "installMode": "lazy",
      "updateMode": "prefetch",
      "cacheQueryOptions": {
        "ignoreVary": true
      },
      "urls": [
        "/assets/i18n/ar.json",
        "/assets/i18n/en.json",
        "/assets/icon/complain.svg",
        "/assets/icon/favicon.png",
        "/assets/icon/fillin.jpg",
        "/assets/icon/follow-up.svg",
        "/assets/icon/inquiry.svg",
        "/assets/icon/jobs.svg",
        "/assets/icon/key.svg",
        "/assets/icon/location.svg",
        "/assets/icon/locations.png",
        "/assets/icon/password.svg",
        "/assets/icon/rss.svg",
        "/assets/icon/squer.svg",
        "/assets/icon/team.jpg",
        "/assets/icon/team.svg",
        "/assets/icon/tracking.jpg",
        "/assets/icon/trunc.svg",
        "/assets/icon/worker.svg",
        "/assets/icons/icon-128x128.png",
        "/assets/icons/icon-144x144.png",
        "/assets/icons/icon-152x152.png",
        "/assets/icons/icon-192x192.png",
        "/assets/icons/icon-384x384.png",
        "/assets/icons/icon-512x512.png",
        "/assets/icons/icon-72x72.png",
        "/assets/icons/icon-96x96.png",
        "/assets/shapes.svg"
      ],
      "patterns": []
    }
  ],
  "dataGroups": [],
  "hashTable": {
    "/1296.08ee59faa44dc1109a31.js": "c7f2e57211c88a06057a36be2c25fc3e5f5311e6",
    "/1374.f10c1a7ec7061284300f.js": "a50fe43c28d93d1af405cc62743dc3cd31adc481",
    "/1489.f87b9dc98075ccd4e073.js": "fde8572296d0c4bead2c7b10d48bbae5f786b8e3",
    "/1602.d9e39ab7c924afbf61c4.js": "8d667ec1c728465f0c9652536af847b296440236",
    "/1692.c3449179a0b929153666.js": "31e950be588c2f5c9d573f347fdfd5a6d115e332",
    "/1709.d1497893b2dec7b09667.js": "272be301cc1f8b932630da7c7bc06097e31e2a3a",
    "/1855.5799de3986cab46186a5.js": "66be1738c17ee2ddabb428ea6abfe828f384f13d",
    "/2191.7c1c97f2f98881bcacd7.js": "a0016998604318226aad36f3441e420b3e7f63a2",
    "/305.d4ef1541129300c01291.js": "6f8ebd5d427ae919c6bfbaa078b558d04cb351e5",
    "/3087.441929ee98f106e8a5c2.js": "5047bd15f813c19ff7b34656b07d8f1c047ad464",
    "/3122.a56c4a085609567a1855.js": "23ce0df1b928cebd42ab2162ae5772477f79127b",
    "/3527.879be5b8a77accdac382.js": "96edd22848889edccef146c2889c7a17606b40c0",
    "/392.5b812a3137fa2ab1fbcc.js": "9d7cc07baa057e5afa7912783d6031c47d461988",
    "/4195.4dafe7659dc1c564cf7f.js": "28d2c0476e0745922fcb60177261b60b065ec5a5",
    "/431.1fc27ccbb3788f7d0792.js": "bca6e0666c05fa7aab201785bdc5a6c8a20c3440",
    "/4513.e65d46f69e7479b6f201.js": "0951d40558f394575592fef368b54819068ddcbd",
    "/4694.75cc3baca348795cae2e.js": "9b105fe8ce0c1bf7ce320840a6df6ba8632876ba",
    "/4702.fd210691c3a49e86248e.js": "e3d46c2b35d0a2b67ac3c6a12ef0aa900c95112e",
    "/5043.c32ebe9c45953a1a7db1.js": "82ac7d3567ce9cb4d2b2166804fac0d82f6ea48f",
    "/5174.37cd8797a2a224ae4504.js": "34d1c554fa22fa95ad5295bbc56e2168eba03296",
    "/5277.86881ca69a6d6771cbb5.js": "3f41cc975243f54be53ad55b540f8c897fb642c9",
    "/5296.c5f7f33715f3023a3c79.js": "10aca0b2536304d12ffc0ebf373a33d48267f3fb",
    "/5830.4116935fb816bcf72fe7.js": "9d406b51e8600d6bbdf4d11e36844379731cbd22",
    "/592.b78fe942708da484bdba.js": "80b4473d935296606d2666e1e6be3ec3ddd73c22",
    "/595.cb04123390dd45597333.js": "d06a35ceec4b838ef07045a231f42fa34a0c990b",
    "/6034.b90cf63f72d2ddc729e5.js": "bcb180feb5f35458d073e34a54faaecac0f85201",
    "/6069.0a718a88f744fd34fc34.js": "21b76aa9c3d6b1899c8812b7f92f7c60c27ee91c",
    "/6108.725a7645d6066e7425d4.js": "a812bde7b41f4826cb8f4a0a49dde9f11c977d3e",
    "/6164.1d98de649c8744542dea.js": "d74cbe35ecf82803a8f1f146c3d7bce1ca55934a",
    "/6272.6ba40ce024a792a2d24d.js": "cd757bf4d19c8d3e548f54426a88a0af2f99a727",
    "/6911.961f50bbe0a1fc8595ff.js": "422615fc4d0a70656f522fc674313a6416056453",
    "/7089.06448a9faea782d47323.js": "505077074d8aff266da18bd192b95c2a9b96011a",
    "/7110.796b5ab7a35cd6f2a6a8.js": "a0dd9cc3696efa43fedd5f9045fbb802601cfd14",
    "/7162.4b049646477cd8557e92.js": "1935754cd3cbebc8f89f39d2b1b839a8a6e54da0",
    "/7321.04aedcb2b3053bcb86b7.js": "0d8554bcfd717a505491a1fbcd12fc053e4273c4",
    "/7373.30afe21101fa4b0d7f58.js": "85c8ef7ebad1bc68307866f5868ed76c8b2c5a42",
    "/7484.c6563858ae442f0fcb82.js": "8636531166056c7b3d7779a30b77a19c7a02d68d",
    "/7509.1337efc28d53622354d7.js": "1f4ebd9aa6c3a01a0711e8d3db6580a5571ce322",
    "/7757.050fa66fc7bdc8d455f8.js": "ea765b5c5e3cdb3a93b088f9ac866ab57a8add8c",
    "/7802.22a6b621d348dcc69618.js": "e13a1fc1cff61c08fbd8ef6ec2a470d238aee004",
    "/7895.8be78f40d199a6648e93.js": "162529d330947cbbd4c51ec9184ce510719a19fa",
    "/7896.a7f245d7d62fc071cfd5.js": "881953a3e2b4e40352000d4e28cb7faa3a252c8d",
    "/801.f25025fbef90ed10e350.js": "ea13af9b751b255838278b92f36c2fdf9deefdd4",
    "/8056.b90caf7a4e0c45465edf.js": "529a597348ebff7845b4b9102863bcc074c5a04a",
    "/820.b44aa9172a611e42858c.js": "7380feb88a88b70fc10de3de63b5a10ca256133a",
    "/862.6e8bcac161d327e58b6a.js": "e2b954406a4829b358d79b7255e1ba8553f6835f",
    "/8669.d5dfa4d8bd5792c8c3b0.js": "eb4fb3f19dcfc31c4ddc7ea94b549d8e05ada565",
    "/8695.9bc45642e749ac32a97d.js": "a65e3890793b36739e9c61724ab3ade4e15bdb21",
    "/8708.f4f44ffcefa8e391f8e7.js": "c1ca200453f33a9cce0d6d63254eda0832d93447",
    "/8810.4cf675e20719190df34b.js": "6818a47416d0126132777af9122cdc9f9d5a69dc",
    "/8837.737a748e1c7a111d448f.js": "18fbdc38a845db25bd285f29edeab5015922c5c0",
    "/8924.d7a3defb89c4106a31d3.js": "95c6d4abdadfc78479c882a3b16dc0b836f079f3",
    "/8940.5909231bbdd44acfae5d.js": "c034330e8d066088b517bf12ed4ea3324b1c2904",
    "/8991.4dec54035f69032590a0.js": "142aaf5098257fbda318a50f4ff1c55d8a8d0651",
    "/9072.a30456585f134bb5c64b.js": "b90827df24a17cd1c0af1b7acf6e6293c9bce001",
    "/9222.80fc5211fdb1b17f63ce.js": "1460986e123eb570832f2271e98d27130838025c",
    "/9289.3dc0e3f363a4d5aed43b.js": "8e15bef411daf6c382132e81ffda397c5d37ed4e",
    "/9360.e2a9c8265cfe2e8619bd.js": "fa00de2f1a59610146ced3e4109fc30362b6c5bd",
    "/937.ac589b400ee006be033a.js": "a007b94c6fa55904b21eaf466804fa186df3a007",
    "/9661.191bed0b6bd5a508005e.js": "5d478e03fb9464ed3f99ea960a9c5bde0b2b4d38",
    "/968.6cd3d0ebed361b4d8bb0.js": "f3e295e136463501f357cb8cd9ab7e41fc24a530",
    "/9695.2acaf2aff3471adb0bd3.js": "31e9f35e391b61da091186cc02066a765841b7f3",
    "/9706.c7063f51a71bc13bed01.js": "326c611b0c9f4b483664e4ff5c8abf092b53838e",
    "/9921.d2e50d13f0fca900a1ce.js": "7472f9d465b1d05886f01bacef3448354b1b51b1",
    "/assets/i18n/ar.json": "6621a5e8bff5510e7d27786b943ba17f9dec076d",
    "/assets/i18n/en.json": "6e507ae501b1f7fb40927f6b46a69c7dde5553c9",
    "/assets/icon/complain.svg": "adaa5aab45ae67d157bb33000419860d247bc835",
    "/assets/icon/favicon.png": "7798b8e0eb61d7375c245af78bbf5c916932bf13",
    "/assets/icon/fillin.jpg": "d9ecf92cf69a57b8f74e4cb82d2481c11ef81912",
    "/assets/icon/follow-up.svg": "dbddd0cfccc63d6030d6cacf19650bfddda755a8",
    "/assets/icon/inquiry.svg": "0b801ed80ea1857e123915ff617819b77a3291a4",
    "/assets/icon/jobs.svg": "068987629400a1797ac8e7e04c07d9515a4e5dd7",
    "/assets/icon/key.svg": "6f107113fc8ef9783c487c1b1168beaa2d079e61",
    "/assets/icon/location.svg": "c93d788c4b99797e5406194364030d61ad34dc3b",
    "/assets/icon/locations.png": "6fd826b4cdbcf10c38137b20b5c88d99257c8800",
    "/assets/icon/password.svg": "fbeb1e288e7a1834cd4e0ff3c8ad7bea19a19a3f",
    "/assets/icon/rss.svg": "1d80a75928d1d62ea956c66f93bdba1a133bb84d",
    "/assets/icon/squer.svg": "56be88a1d67ac66a6ea603de89a477677ef5feda",
    "/assets/icon/team.jpg": "7f556bda23f18477d9dc2b89ec31e3e7e6f2791d",
    "/assets/icon/team.svg": "e0823796bb0dda5c5ebb5d8a66f91e68ef40c59d",
    "/assets/icon/tracking.jpg": "04799ae6244bd3e96d5cebb7790b27c296e2df60",
    "/assets/icon/trunc.svg": "e6793c9f1838f72d76a74da394d5e523a4b5292f",
    "/assets/icon/worker.svg": "0ac672bb1525b51bdad0eb576146b361b5bec4ba",
    "/assets/icons/icon-128x128.png": "dae3b6ed49bdaf4327b92531d4b5b4a5d30c7532",
    "/assets/icons/icon-144x144.png": "b0bd89982e08f9bd2b642928f5391915b74799a7",
    "/assets/icons/icon-152x152.png": "7479a9477815dfd9668d60f8b3b2fba709b91310",
    "/assets/icons/icon-192x192.png": "1abd80d431a237a853ce38147d8c63752f10933b",
    "/assets/icons/icon-384x384.png": "329749cd6393768d3131ed6304c136b1ca05f2fd",
    "/assets/icons/icon-512x512.png": "559d9c4318b45a1f2b10596bbb4c960fe521dbcc",
    "/assets/icons/icon-72x72.png": "c457e56089a36952cd67156f9996bc4ce54a5ed9",
    "/assets/icons/icon-96x96.png": "3914125a4b445bf111c5627875fc190f560daa41",
    "/assets/shapes.svg": "638f87e27e6fc7ddfd6e6b262ea70d690f6c7011",
    "/common.1b75bd3d8ebe89a9de20.js": "9ce2d0291151691c749d84a24e3a6e7fe81a7f8b",
    "/index.html": "9f5aa31c05f3558533d03441dc61676f9781c79e",
    "/main.3f5d275065bce104236c.js": "58333d6a91c66f004f79830e16813c3c01c8f8ea",
    "/manifest.webmanifest": "9a088b7c4339228d1082e666ce105dc889bc180c",
    "/polyfills-core-js.f97acc8fcb3863e2bc52.js": "61585ca955172b6669fdafaf96eb0108ab1bb9ec",
    "/polyfills-css-shim.644894d6eb34a7ba042d.js": "416aba78baedbaf80b3835fa53a92b41a3ece889",
    "/polyfills-dom.c7db9ca711880bb784aa.js": "c23fc2a027b07058337f521b6494369fad44434c",
    "/polyfills.b7d3c49635b31a665958.js": "68944475a189d439461c340b099671a728d65997",
    "/runtime.a1d020afdbe1f76caa48.js": "0103cc912684fdfd884870c7d52b260c33ff7f6e",
    "/scripts.15dc7c6e2e7ff57d4864.js": "dc4ca7e3a032320ff0bca2770022ba7101d66284",
    "/styles.7e6a89096331ad3c2c8f.css": "3289a70fc7233c880cccd2a3390a8f005b3e9d87"
  },
  "navigationUrls": [
    {
      "positive": true,
      "regex": "^\\/.*$"
    },
    {
      "positive": false,
      "regex": "^\\/(?:.+\\/)?[^/]*\\.[^/]*$"
    },
    {
      "positive": false,
      "regex": "^\\/(?:.+\\/)?[^/]*__[^/]*$"
    },
    {
      "positive": false,
      "regex": "^\\/(?:.+\\/)?[^/]*__[^/]*\\/.*$"
    }
  ],
  "navigationRequestStrategy": "performance"
}